{
    "m_alphas": [
        1.319528579711914,
        0.9143524765968323,
        0.6830755472183228,
        0.8198754787445068,
        0.6132131218910217,
        0.8193497657775879,
        0.6644530892372131,
        0.7625636458396912,
        0.7247214913368225,
        0.6875951290130615,
        0.7954541444778442,
        0.64324951171875,
        0.6530779004096985,
        0.6278510689735413,
        0.7044471502304077,
        0.5134593844413757,
        0.5727362632751465,
        0.552605926990509,
        0.6410579681396484,
        0.6440796256065369,
        0.6163539290428162,
        0.5547772645950317,
        0.5931391716003418,
        0.5557244420051575,
        0.5112121105194092,
        0.5353999733924866,
        0.6941213607788086,
        0.6163574457168579,
        0.49470239877700806,
        0.5310316681861877,
        0.7153058052062988,
        0.6836337447166443,
        0.6319586038589478,
        0.6495393514633179,
        0.5395362973213196,
        0.6443609595298767,
        0.7479442954063416,
        0.5900928378105164,
        0.48203369975090027,
        0.6851800680160522,
        0.6371362805366516,
        0.6427022814750671,
        0.6866780519485474,
        0.568681538105011,
        0.7788568139076233,
        0.5088890194892883,
        0.5456632375717163,
        0.43049168586730957,
        0.5026463866233826,
        0.6064581274986267
    ],
    "m_boostAmount": 50,
    "m_wLearners": [
        {
            "m_splitVal": -942,
            "m_wavelet": {
                "m_cols": 3,
                "m_isNegative": true,
                "m_mPos": 0,
                "m_mScaleLength": 10,
                "m_nPos": 0,
                "m_nScaleLength": 5,
                "m_rows": 1
            }
        },
        {
            "m_splitVal": 162,
            "m_wavelet": {
                "m_cols": 1,
                "m_isNegative": true,
                "m_mPos": 0,
                "m_mScaleLength": 5,
                "m_nPos": 78,
                "m_nScaleLength": 20,
                "m_rows": 2
            }
        },
        {
            "m_splitVal": -49847,
            "m_wavelet": {
                "m_cols": 1,
                "m_isNegative": true,
                "m_mPos": 4,
                "m_mScaleLength": 20,
                "m_nPos": 0,
                "m_nScaleLength": 40,
                "m_rows": 3
            }
        },
        {
            "m_splitVal": 11472,
            "m_wavelet": {
                "m_cols": 2,
                "m_isNegative": true,
                "m_mPos": 4,
                "m_mScaleLength": 40,
                "m_nPos": 6,
                "m_nScaleLength": 40,
                "m_rows": 1
            }
        },
        {
            "m_splitVal": 5496,
            "m_wavelet": {
                "m_cols": 1,
                "m_isNegative": true,
                "m_mPos": 2,
                "m_mScaleLength": 10,
                "m_nPos": 6,
                "m_nScaleLength": 40,
                "m_rows": 2
            }
        },
        {
            "m_splitVal": -2785,
            "m_wavelet": {
                "m_cols": 3,
                "m_isNegative": true,
                "m_mPos": 238,
                "m_mScaleLength": 10,
                "m_nPos": 0,
                "m_nScaleLength": 5,
                "m_rows": 1
            }
        },
        {
            "m_splitVal": 1614,
            "m_wavelet": {
                "m_cols": 2,
                "m_isNegative": true,
                "m_mPos": 68,
                "m_mScaleLength": 80,
                "m_nPos": 182,
                "m_nScaleLength": 20,
                "m_rows": 1
            }
        },
        {
            "m_splitVal": 1001,
            "m_wavelet": {
                "m_cols": 1,
                "m_isNegative": true,
                "m_mPos": 2,
                "m_mScaleLength": 10,
                "m_nPos": 40,
                "m_nScaleLength": 10,
                "m_rows": 2
            }
        },
        {
            "m_splitVal": -1248,
            "m_wavelet": {
                "m_cols": 3,
                "m_isNegative": true,
                "m_mPos": 222,
                "m_mScaleLength": 10,
                "m_nPos": 0,
                "m_nScaleLength": 5,
                "m_rows": 1
            }
        },
        {
            "m_splitVal": -216,
            "m_wavelet": {
                "m_cols": 1,
                "m_isNegative": true,
                "m_mPos": 2,
                "m_mScaleLength": 5,
                "m_nPos": 84,
                "m_nScaleLength": 20,
                "m_rows": 2
            }
        },
        {
            "m_splitVal": -35261,
            "m_wavelet": {
                "m_cols": 1,
                "m_isNegative": true,
                "m_mPos": 16,
                "m_mScaleLength": 20,
                "m_nPos": 0,
                "m_nScaleLength": 40,
                "m_rows": 3
            }
        },
        {
            "m_splitVal": 186,
            "m_wavelet": {
                "m_cols": 1,
                "m_isNegative": true,
                "m_mPos": 0,
                "m_mScaleLength": 10,
                "m_nPos": 80,
                "m_nScaleLength": 10,
                "m_rows": 2
            }
        },
        {
            "m_splitVal": 1614,
            "m_wavelet": {
                "m_cols": 2,
                "m_isNegative": true,
                "m_mPos": 68,
                "m_mScaleLength": 80,
                "m_nPos": 182,
                "m_nScaleLength": 20,
                "m_rows": 1
            }
        },
        {
            "m_splitVal": 5513,
            "m_wavelet": {
                "m_cols": 1,
                "m_isNegative": true,
                "m_mPos": 2,
                "m_mScaleLength": 10,
                "m_nPos": 8,
                "m_nScaleLength": 40,
                "m_rows": 2
            }
        },
        {
            "m_splitVal": -4750,
            "m_wavelet": {
                "m_cols": 1,
                "m_isNegative": true,
                "m_mPos": 20,
                "m_mScaleLength": 5,
                "m_nPos": 10,
                "m_nScaleLength": 10,
                "m_rows": 3
            }
        },
        {
            "m_splitVal": 5294,
            "m_wavelet": {
                "m_cols": 1,
                "m_isNegative": true,
                "m_mPos": 0,
                "m_mScaleLength": 20,
                "m_nPos": 34,
                "m_nScaleLength": 20,
                "m_rows": 2
            }
        },
        {
            "m_splitVal": -1675,
            "m_wavelet": {
                "m_cols": 3,
                "m_isNegative": true,
                "m_mPos": 232,
                "m_mScaleLength": 10,
                "m_nPos": 0,
                "m_nScaleLength": 5,
                "m_rows": 1
            }
        },
        {
            "m_splitVal": 1614,
            "m_wavelet": {
                "m_cols": 2,
                "m_isNegative": true,
                "m_mPos": 68,
                "m_mScaleLength": 80,
                "m_nPos": 182,
                "m_nScaleLength": 20,
                "m_rows": 1
            }
        },
        {
            "m_splitVal": 5788,
            "m_wavelet": {
                "m_cols": 1,
                "m_isNegative": true,
                "m_mPos": 2,
                "m_mScaleLength": 10,
                "m_nPos": 20,
                "m_nScaleLength": 40,
                "m_rows": 2
            }
        },
        {
            "m_splitVal": -1248,
            "m_wavelet": {
                "m_cols": 3,
                "m_isNegative": true,
                "m_mPos": 222,
                "m_mScaleLength": 10,
                "m_nPos": 0,
                "m_nScaleLength": 5,
                "m_rows": 1
            }
        },
        {
            "m_splitVal": -79,